% Model,SmartRoom_Radiation.mph
% Version,COMSOL 6.1.0.282
% Date,"May 26 2023, 14:03"
% Table,3x3x3 coarser - 3x3x3
% Time (s),"Temperature (degC), Point: (2.35, 7.65, 0.15)","Temperature (degC), Point: (5.15, 7.65, 0.15)","Temperature (degC), Point: (7.95, 7.65, 0.15)","Temperature (degC), Point: (2.35, 3, 0.15)","Temperature (degC), Point: (5.15, 3, 0.15)","Temperature (degC), Point: (7.95, 3, 0.15)","Temperature (degC), Point: (2.35, -1.65, 0.15)","Temperature (degC), Point: (5.15, -1.65, 0.15)","Temperature (degC), Point: (7.95, -1.65, 0.15)","Temperature (degC), Point: (2.35, 7.65, 1.5)","Temperature (degC), Point: (5.15, 7.65, 1.5)","Temperature (degC), Point: (7.95, 7.65, 1.5)","Temperature (degC), Point: (2.35, 3, 1.5)","Temperature (degC), Point: (5.15, 3, 1.5)","Temperature (degC), Point: (7.95, 3, 1.5)","Temperature (degC), Point: (2.35, -1.65, 1.5)","Temperature (degC), Point: (5.15, -1.65, 1.5)","Temperature (degC), Point: (7.95, -1.65, 1.5)","Temperature (degC), Point: (2.35, 7.65, 2.85)","Temperature (degC), Point: (5.15, 7.65, 2.85)","Temperature (degC), Point: (7.95, 7.65, 2.85)","Temperature (degC), Point: (2.35, 3, 2.85)","Temperature (degC), Point: (5.15, 3, 2.85)","Temperature (degC), Point: (7.95, 3, 2.85)","Temperature (degC), Point: (2.35, -1.65, 2.85)","Temperature (degC), Point: (5.15, -1.65, 2.85)","Temperature (degC), Point: (7.95, -1.65, 2.85)",T_outer (degC)
0,20.00013121593338,20.000037386238205,19.99980450686496,20.000031137129895,20.000079635781788,19.999793836783113,20.000143260865002,20.000008232719324,19.999818058721246,20.000120605426787,20.000082439006235,19.999748548783145,20.000009329033958,19.999998126411356,19.99982724424501,20.000141595569175,20.000021346346443,19.999794626340076,20.00021363498945,20.00014991744672,19.99977987662345,20.000132579948,20.00007709408402,19.999801965962206,20.000141775270947,20.00017160124844,19.999780277231082,17.899999999999977
3600,20.198516322599687,20.15934489012392,19.47259985636373,20.111049023599037,20.136450891218033,19.410485949202894,20.212867110483558,20.168618506723817,19.47578267248292,20.181528569231318,20.16392421018378,19.431670973029554,19.758556704081457,20.000647741948626,19.45630016480186,20.19738753733293,20.113460077201694,19.454624418692788,20.297863654554988,20.21056576747617,19.44876749423082,20.18525892687586,20.126586034483466,19.420354365000605,20.234183018199644,20.247991946274738,19.43295515543042,17.600000000000023
7200,20.085236617983867,20.066293755710205,19.151072339992027,19.973479582963193,20.06898380842756,19.065348676329222,20.097168368160737,20.074341644644335,19.145806318569953,20.04952311517701,20.088955349001367,19.127409590129957,19.3680411640662,20.003020143419064,19.11876702382699,20.069170775493262,20.053165631455215,19.13646601724838,20.176420871793994,20.081056210493216,19.120357498082967,20.0305407700788,20.02760195272549,19.070068880794736,20.120535132166367,20.119261820123484,19.099034322106604,17.399999999999977
10800,19.911358252374214,19.914629929324235,18.83498431070609,19.775798732695876,19.954354259266495,18.73760445925177,19.921407518722503,19.916621638703305,18.822829363497135,19.863861262974865,19.964252284946895,18.826570472636945,18.985414359802633,20.004507989824162,18.800106221703345,19.886367510917466,19.9353603700726,18.82552359613635,19.99324663796483,19.898272906321267,18.796327325749644,19.816925337345026,19.88085908012681,18.736166249057362,19.940706639823645,19.933744160839183,18.770818546045632,17.100000000000023
14400,19.702732241791864,19.730993020235644,20.478111876379785,19.582353663904712,19.810618164964183,20.3407308355292,19.99424578020239,19.93619016451578,20.2543691520778,19.664113478601053,19.802582682558807,20.4677676196971,18.808423010075558,19.98378626087242,20.32554684924827,20.060582169751456,20.14117933898467,20.244718402292733,19.77068839972469,19.708258747919615,20.417238019757576,19.61258762871256,19.744564584356567,20.336913115314985,19.936500906813478,19.89144374627591,20.269072505831844,16.80000000000001
18000,19.49141029323755,19.54487544093746,22.273247548558913,19.38923723333147,19.664623804228427,22.093666137153207,20.08637190373628,19.969513835033183,21.822035239734987,19.46327282017944,19.638044986679404,22.259639994179395,18.64738613526947,19.9613413752121,21.994064311853663,20.262496495056894,20.372107084385163,21.79814799332337,19.545074505969865,19.51768357496576,22.189049298223154,19.408969743501757,19.60908073851266,22.087762097796258,19.94592107754471,19.86025501449268,21.90903532443383,16.69999999999999
21600,19.280088344683236,19.358757861639333,24.068383220738156,19.19612080275823,19.518629443492785,23.846601438777213,20.17849802727011,20.002837505550588,23.389701327392117,19.26243216175783,19.4735072908,24.051512368661747,18.486349260463328,19.938896489551723,23.662581774459,20.464410820362332,20.603034829785656,23.351577584354004,19.319460612215153,19.32710840201179,23.960860576688674,19.205351858290953,19.473596892668752,23.838611080277644,19.955341248275886,19.829066282709448,23.548998143035703,17.399999999999977
25200,19.23059789500678,19.300187539580918,23.60936694042141,19.703170699048314,19.499630224212865,23.43373057257412,20.704971423751942,20.69448020753981,23.01405483949344,19.261542749368232,19.412391584669535,23.593210439620066,18.78464978286985,19.924985922072153,23.368341903555518,21.127274809344954,21.526958393652137,23.016032892107205,19.315145460946553,19.408200554693224,23.532711860317193,19.37796532760541,19.70160372094847,23.45062712404757,20.47894476568581,20.61904370678417,23.288680278864717,17.600000000000023
28800,19.208331435795742,19.263073765469528,22.771147527908965,20.32800558490419,19.501994673588968,22.656518481876788,21.304512585776365,21.496868167159732,22.311495955706846,19.29428999518973,19.368673970272482,22.756374515593166,19.160222016956993,19.91251103428675,22.743918555986852,21.867681732404094,22.567460693335192,22.362716825103462,19.348058135516794,19.534993752808532,22.73447641584221,19.613870052821312,19.990758513099422,22.702839495884746,21.089046416181873,21.547161231844257,22.70868902880676,19.19999999999999
32400,19.186064976584703,19.22595999135808,21.932928115396578,20.952840470760123,19.504359122965184,21.879306391179398,21.904053747800845,22.299256126779596,21.608937071920195,19.327037241011112,19.324956355875372,21.919538591566152,19.53579425104425,19.900036146501122,22.119495208418243,22.608088655463234,23.60796299301842,21.70940075809972,19.38097081008698,19.661786950923897,21.936240971367226,19.849774778037215,20.279913305250318,21.95505186772192,21.699148066677935,22.4752787569044,22.1286977787488,21.19999999999999
36000,19.50925112864627,19.40038597372461,21.84801623100168,23.69052832959494,19.730215658326188,21.868154230461585,22.599126736373137,23.099057534404892,21.804661602362103,19.768021162926516,19.487289553682615,21.855096700412787,20.143907153032558,19.973273891919632,22.134164571093606,23.431315310183322,24.54498504924277,21.94557697675714,19.96445061856423,20.263583362716645,21.94425803027019,20.81704478171781,21.1714001359357,22.07678915227001,22.689804737589782,23.676751889221293,22.398837500770412,22
39600,19.927613000140013,19.633093317569717,21.970648257414553,27.010328742209765,20.01764654390763,22.068059397391266,23.320519717973866,23.898146320562205,22.24787237958128,20.32147845478613,19.706391852811464,22.003457246887933,20.816087381891577,20.070126342404592,22.324910496795496,24.277359646075354,25.45349724247353,22.426817396566207,20.6996172904648,20.996248006849044,22.174405880920062,21.98581338252643,22.228835589482628,22.438089422973178,23.785308199840642,24.953537280680393,22.90319698040588,22.899999999999977
43200,20.345974871633814,19.86580066141488,22.093280283827482,30.33012915482459,20.305077429489018,22.26796456432095,24.041912699574596,24.697235106719518,22.69108315680046,20.874935746645747,19.925494151940256,22.15181779336308,21.48826761075071,20.166978792889495,22.51565642249733,25.12340398196733,26.362009435704238,22.908057816375162,21.43478396236543,21.728912650981442,22.40455373156999,23.154581983335106,23.286271043029558,22.79938969367629,24.880811662091617,26.230322672139437,23.40755646004129,22.399999999999977
46800,21.117456933402195,20.31825787031562,22.20164842211892,33.04434356925714,20.718013549686134,22.490966624362784,24.69591884524101,25.15610459882805,23.082603583583932,21.776496872781536,20.374452178846468,22.253810312479345,22.09316014870751,20.379338336591104,22.734646891015018,25.91867529912497,26.831986062939507,23.322361087624586,22.47957109706209,22.69123817379068,22.653848057441166,24.532484316724094,24.44874252774622,23.216747474407953,25.999259528606103,27.212105885300048,23.86746972777081,23.30000000000001
50400,22.031774128315305,20.85960266508164,22.304246897799544,35.513601849593556,21.1817158321997,22.723311247910715,25.322667394349594,25.477357297838353,23.453215554011365,22.818864044242446,20.916385556314367,22.337047225023582,22.67083519371505,20.638419850582864,22.96506211842444,26.693409215446366,27.124577517412547,23.709588658333132,23.64959796951905,23.74646023179497,22.91088702497484,25.99498007003342,25.653700496981003,23.656780203016353,27.12698827774409,28.074562374654647,24.309404752482294,23.5
54000,22.946091323228416,21.4009474598476,22.40684537348011,37.982860129929975,21.645418114713323,22.95565587145859,25.949415943458234,25.79860999684854,23.82382752443874,23.86123121570347,21.458318933782266,22.42028413756782,23.24851023872253,20.89750136457451,23.195477345833865,27.468143131767647,27.4171689718857,24.096816229041565,24.819624841976008,24.801682289799317,23.16792599250857,27.457475823342634,26.858658466215786,24.096812931624697,28.254717026882133,28.937018864009303,24.751339777193664,23.600000000000023
57600,23.93269499773629,22.19196614366922,22.55762770510222,37.975669436461885,22.094631150715884,23.202178164475583,26.362911705022952,25.925021852663633,24.093143493201808,24.976585181647238,22.377800241978548,22.56822073090541,23.71837019241127,21.229105035166526,23.44031126370561,27.94287881922577,27.46709754082093,24.37153029285895,25.95435365785488,25.92654604941532,23.46650560224333,28.459401726843794,27.739090999246628,24.50048066485681,29.00743010979329,29.407859329178848,25.08404468787137,23.600000000000023
61200,24.959959817016113,23.123426390084603,22.735513455691432,36.5754761952287,22.535693985556065,23.456675396568926,26.65645277359414,25.941835734181495,24.305480461028424,26.132994219487614,23.509652261209567,22.752550894689193,24.127584157233287,21.601502418846394,23.693255694962374,28.248865502948206,27.380528236641112,24.582955509050123,27.06922731690861,27.09058326618799,23.788451823216235,29.20225708982798,28.436977974412855,24.88369308818983,29.54919688045186,29.65841578074435,25.35530765940507,24
64800,25.987224636295878,24.054886636500044,22.9133992062807,35.175282953995406,22.97675682039619,23.71117262866221,26.94999384216544,25.9586496156993,24.51781742885521,27.28940325732799,24.64150428044053,22.93688105847309,24.536798122055245,21.973899802526148,23.946200126219082,28.554852186670757,27.29395893246135,24.79438072524124,28.18410097596245,28.254620482960604,24.110398044189083,29.945112452812168,29.134864949578912,25.266905511522737,30.09096365111037,29.908972232309907,25.626570630938772,24.399999999999977
68400,26.598562692833184,24.82193219426074,22.99547124271271,33.890891719599324,23.31747145119118,23.614074884237652,26.998660478815623,25.91022257149359,24.377397396853098,28.00086749410457,25.707593536977868,23.072041779183223,24.58892467313416,22.349413470774266,23.86237123000251,28.5274059353967,27.148636904046896,24.647894329935752,29.002583335267957,29.039896729723296,24.236471525772913,30.1351596863571,29.391987653372155,25.21149361319499,30.198516971069523,29.877640801931477,25.478845328495083,24.19999999999999
72000,26.89356208474925,25.463929960650262,23.00467087682813,32.69457525096681,23.581864912712263,23.249566875982566,26.861084589779466,25.81217566828684,23.96868330864322,28.373923008945326,26.723666044424135,23.16980602206263,24.3694636137605,22.727297270947417,23.522404873454207,28.246362803984198,26.958629705087617,24.229193469548306,29.595641325750933,29.53710125281657,24.213571374581875,29.904761300328573,29.313881193022553,24.822480118111173,29.975823441201044,29.63191577120142,25.012452888096675,22.600000000000023
75600,27.188561476665427,26.10592772703984,23.01387051094349,31.498258782334233,23.846258374233344,22.88505886772748,26.72350870074331,25.71412876508009,23.559969220433345,28.746978523786083,27.73973855187046,23.267570264942037,24.150002554386845,23.10518107112057,23.182438516905847,27.965319672571695,26.76862250612845,23.810492609160804,30.188699316233965,30.034305775909786,24.190671223390837,29.67436291429999,29.235774732673008,24.433466623027357,29.753129911332508,29.386190740471363,24.54606044769821,21.80000000000001
79200,27.109184930862455,26.277746694729103,22.832850815799475,30.36825579652111,23.95440904118408,22.468501225072487,26.42350493427466,25.498338871290855,23.094408714471513,28.617994569914686,28.069534035811614,23.133589297351705,23.801426187280583,23.42962140268355,22.78424052630953,27.529368901224473,26.487446061458854,23.338488310147625,30.12136020406041,29.907308442796648,23.93438225287781,29.150031728961267,28.862977203018204,23.931160917190937,29.259186085988688,28.892615936352627,24.007251298283165,20.600000000000023
82800,26.64939412576416,25.97180333470675,22.458543737698392,29.305635865831107,23.903796868490588,21.999054437785333,25.958453485898644,25.162906906425974,22.57108491305206,27.97887373654521,27.701983511997526,22.764125293316397,23.321652007478235,23.69975627420706,22.326871681761077,26.936011979620957,26.113629899373905,22.81232083962766,29.382972423058447,29.14604148160288,23.440940127247416,28.327026892710478,28.190735522295313,23.313735706880266,28.489616960403737,28.147193781855094,23.394857428415662,19.69999999999999
86400,26.189603320665867,25.66585997468451,22.08423665959731,28.243015935141045,23.85318469579704,21.52960765049812,25.493402037522742,24.827474941561093,22.04776111163261,27.33975290317585,27.334432988183437,22.394661289280975,22.841877827675887,23.969891145730685,21.86950283721268,26.34265505801727,25.739813737288955,22.286153369107637,28.644584642056543,28.38477452040911,22.947498001616964,27.50402205645969,27.51849384157248,22.696310496569538,27.720047834818786,27.401771627357675,22.782463558548045,18.80000000000001
90000,25.669600583977797,25.278778667123618,21.716829303922964,27.263584907482198,23.727924570472737,21.11930965055285,24.99313793587828,24.449137020552485,21.581800877590524,26.665477876624095,26.86806933575167,22.02752563678581,22.39160464967273,24.17191847367792,21.464254100375285,25.734895766066984,25.33214639330231,21.81731791152771,27.854433174118753,27.593317638461485,22.470767205028665,26.68918881164484,26.838158331804266,22.147495060780216,26.939937859300585,26.65352821202896,22.23197704013893,18.19999999999999
93600,25.06780050626213,24.781472223283913,21.358795156073654,26.397165219790395,23.501255905725372,20.789364720204276,24.445037776963545,24.01251176289577,21.193768508664846,25.9434462102775,26.26746898029205,21.663553027892192,21.981408304302533,24.28142234620077,21.129810038164294,25.10757098987216,24.87849253805291,21.426367452658837,26.9939612258151,26.76084803398021,22.016738591290277,25.885456596705126,26.14682743163496,21.69188535641638,26.145508238590082,25.90145214047675,21.765591074654424,18
97200,24.466000428546465,24.28416577944415,21.000761008224345,25.530745532098535,23.274587240978008,20.4594197898557,23.896937618048696,23.575886505239055,20.805736139739224,25.221414543930905,25.66686862483249,21.29958041899863,21.57121195893228,24.390926218723564,20.795365975953246,24.480246213677333,24.424838682803568,21.03541699378991,26.133489277511444,25.92837842949899,21.56270997755189,25.081724381765525,25.4554965314656,21.236275652052484,25.35107861787958,25.149376068924482,21.299205109169918,18.19999999999999
100800,24.045021198332563,23.910805985152138,20.849362580165177,25.27057261705386,23.13031127898961,20.351040835861625,23.652979664600196,23.40670834656345,20.629028278420776,24.726294520101987,25.19867342299375,21.140599010221365,21.409085756593697,24.46892952305791,20.67773121807062,24.220132956084058,24.29182020091298,20.85536373122011,25.551578937701322,25.378539459092565,21.353158860766143,24.633404219652505,25.07911917602985,21.05285779703661,24.94637221707103,24.79906692416705,21.106551529433204,17.80000000000001
104400,23.956916710110306,23.765620704800313,21.078361727174183,26.126444897109423,23.137712792534444,20.65054470197458,23.968919862123528,23.729875983739362,20.841349624288625,24.648898201816905,24.974224072138895,21.358987765294728,21.70363413574495,24.488943145045255,20.959222679519712,24.636022721370978,24.749062292705503,21.063553034564507,25.482475195345216,25.348997792323587,21.593668590643347,24.839365336606875,25.282542664308096,21.370520391956916,25.25911083471823,25.188374167372444,21.41781438709586,17.80000000000001
108000,23.868812221888106,23.62043542444843,21.307360874183246,26.982317177164873,23.145114306079336,20.950048568087595,24.284860059646917,24.053043620915275,21.05367097015659,24.571501883531823,24.749774721284098,21.577376520368034,21.9981825148962,24.5089567670326,21.24071414096892,25.051912486657898,25.20630438449797,21.271742337908904,25.41337145298911,25.319456125554666,21.834178320520607,25.045326453561245,25.4859661525864,21.68818298687711,25.571849452365484,25.577681410577952,21.72907724475857,17.30000000000001
111600,23.78070773366585,23.47525014409655,21.53636002119231,27.83818945722038,23.152515819624284,21.249552434200552,24.600800257170306,24.376211258091132,21.26599231602438,24.49410556524674,24.525325370429186,21.79576527544134,22.292730894047452,24.528970389019833,21.522205602418126,25.467802251944875,25.663546476290605,21.4799316412533,25.344267710633062,25.289914458785802,22.07468805039781,25.25128757051567,25.689389640864704,22.00584558179736,25.88458807001274,25.966988653783403,22.040340102421226,18.399999999999977
115200,23.692603245443593,23.330064863744667,21.765359168201428,28.694061737275888,23.15991733316912,21.54905630031351,24.916740454693638,24.699378895267046,21.47831366189223,24.41670924696166,24.30087601957439,22.014154030514646,22.587279273198703,24.548984011007178,21.80369706386722,25.883692017231795,26.120788568083128,21.6881209445977,25.275163968276956,25.26037279201688,22.315197780275014,25.45724868747004,25.892813129143008,22.32350817671761,26.197326687659995,26.356295896988854,22.351602960083937,19.399999999999977
118800,23.604498757221393,23.184879583392785,21.994358315210377,29.549934017331395,23.16731884671401,21.848560166426523,25.23268065221697,25.02254653244296,21.69063500776008,24.339312928676577,24.076426668719478,22.232542785587896,22.881827652349955,24.56899763299458,22.085188525316426,26.299581782518715,26.578030659875594,21.896310247942154,25.206060225920908,25.230831125247903,22.555707510152217,25.66320980442447,26.096236617421255,22.64117077163786,26.51006530530725,26.745603140194362,22.662865817746592,21.19999999999999
122400,23.635923772335957,23.128485803616968,22.243242477891044,30.671017530861548,23.23182075341532,22.1690217086923,25.578573228477012,25.36093025503186,21.977195371442065,24.401073576094234,23.95398169791372,22.469809090263198,23.2189581729225,24.616670824290907,22.39223266944498,26.74273213487254,27.02055967101171,22.18214428700253,25.28867290451251,25.335285152454617,22.830840357871352,26.026326606909777,26.42576532282237,23.00055965591332,26.914526577593904,27.21189080323029,23.032240496721215,22.600000000000023
126000,24.12248035784836,23.410182737573393,22.56784266178238,32.80194381800635,23.51374338790447,22.569283633231976,26.038515246849613,25.757252149000806,22.54643507218509,24.992701131380386,24.219938020372012,22.778955295345668,23.71822838582966,24.7696631448797,22.796573566852828,27.289682414904064,27.407065798109613,22.7636255889812,25.94897503209745,25.949953552876195,23.237807385065366,26.98784390430177,27.23546389342141,23.518829411195156,27.668239496391948,27.971296218697887,23.622887110691295,24.5
129600,24.609036943360707,23.691879671529705,22.892442845673827,34.93287010515121,23.79566602239356,22.969545557771767,26.498457265222214,26.153574042969808,23.115674772928173,25.58432868666648,24.485894342830193,23.088101500428138,24.21749859873688,24.92265546546838,23.200914464260677,27.836632694935645,27.79357192520763,23.345106890959926,26.609277159682392,26.56462195329766,23.644774412259437,27.949361201693705,28.045162464020564,24.037099166477105,28.421952415190162,28.730701634165484,24.213533724661318,25.30000000000001
133200,25.095593528873167,23.973576605486073,23.217043029565218,37.06379639229601,24.077588656882767,23.369807482311444,26.95839928359476,26.549895936938753,23.6849144736712,26.175956241952576,24.751850665288487,23.39724770551061,24.716768811644044,25.075647786057118,23.605255361668526,28.383582974967283,28.18007805230559,23.926588192938596,27.269579287267334,27.179290353719125,24.051741439453394,28.910878499085584,28.854861034619773,24.55536892175894,29.175665333988263,29.490107049633025,24.80418033863134,24.899999999999977
136800,25.58215011438557,24.255273539442385,23.541643213456553,39.194722679440815,24.35951129137186,23.770069406851235,27.41834130196736,26.9462178309077,24.25415417441434,26.76758379723867,25.01780698774678,23.70639391059308,25.216039024551264,25.2286401066458,24.00959625907643,28.930533254998807,28.566584179403492,24.508069494917322,27.92988141485222,27.79395875414059,24.458708466647465,29.87239579647752,29.66455960521887,25.073638677040776,29.929378252786364,30.249512465100565,25.39482695260142,25.30000000000001
140400,26.15582270242112,24.730648193506,23.87543621666663,39.71588575631938,24.623546505654815,24.162742890801724,27.702571638476854,27.142661340260815,24.73296174579508,27.42976429324449,25.560396350747453,24.031307886212517,25.539027227647125,25.412120210289174,24.406475882582754,29.24623104180006,28.721018740865304,24.992136510736145,28.57731770982292,28.470872463680678,24.867735138435933,30.49281743428577,30.21625031802796,25.550683631174934,30.413469946889222,30.66928024117533,25.87704400666098,25.899999999999977
144000,26.829435203106414,25.42821089418692,24.219775268055116,38.39032044850131,24.86706118225044,24.54671087785522,27.78522465706169,27.10980336974194,25.108025127274516,28.1728834747787,26.420340517769432,24.37431072684535,25.659783829751007,25.63057605073311,24.794795895450704,29.296634814825325,28.609219644601353,25.364449371547096,29.209994257440826,29.219194302335723,25.2791246447772,30.72193242995371,30.471953129376402,25.98043528779334,30.588250827087336,30.69941402314589,26.234870128718967,25.30000000000001
147600,27.503047703791708,26.125773594867837,24.564114319443604,37.064755140683246,25.11057585884612,24.93067886490877,27.86787767564647,27.07694539922312,25.483088508753895,28.916002656312912,27.280284684791297,24.71731356747813,25.78054043185483,25.849031891177106,25.183115908318655,29.347038587850648,28.497420548337516,25.736762232358046,29.84267080505873,29.967516140990824,25.690514151118464,30.951047425621766,30.72765594072473,26.41018694441169,30.763031707285393,30.72954780511651,26.592696250776953,25.399999999999977
151200,28.176660204477002,26.823336295548756,24.908453370832035,35.73918983286518,25.3540905354418,25.31464685196238,27.950530694231304,27.044087428704245,25.858151890233273,29.659121837847124,28.14022885181322,25.060316408110964,25.90129703395877,26.067487731620986,25.57143592118655,29.39744236087597,28.38562145207362,26.10907509316894,30.475347352676522,30.715837979645983,26.101903657459673,31.180162421289822,30.98335875207306,26.8399386010301,30.937812587483506,30.75968158708713,26.950522372834882,25.600000000000023
154800,28.850272705162297,27.520898996229676,25.252792422220523,34.41362452504711,25.597605212037422,25.698614839015875,28.033183712816083,27.01122945818537,26.233215271712766,30.402241019381393,29.00017301883514,25.403319248743742,26.022053636062594,26.285943572064923,25.959755934054442,29.447846133901294,28.273822355809727,26.48138795397989,31.108023900294484,31.464159818301027,26.51329316380088,31.40927741695782,31.239061563421444,27.269690257648506,31.112593467681563,30.78981536905775,27.30834849489287,24.69999999999999
158400,28.972835430673513,27.855723376459764,25.263700404527413,33.3505701256434,25.69545853892447,25.533250960963926,27.856647600749,26.878258807325267,26.034895886302536,30.54185614682541,29.509727510064522,25.458810921359373,25.92134415440711,26.45502970399656,25.817387678883847,29.174427447762298,28.072971746954522,26.2826388538914,31.277527167339997,31.628707176829266,26.489844270074457,31.11632438184381,31.036646148618786,27.057035008844764,30.82893614882505,30.48994571095733,27.060787913368415,23.69999999999999
162000,28.884743912870704,28.05188085243151,25.147145002001935,32.387867889084305,25.737628726492176,25.157889558939587,27.581029168622194,26.707017274462203,25.617384844657238,30.45076491056375,29.885335713055554,25.40439338019513,25.735973046169477,26.605242879150467,25.47214893800441,28.777218537624492,27.838078697931508,25.865585290797583,31.269969447632832,31.570090355064963,26.300166192965776,30.623796188663448,30.659102183500238,26.598801689496213,30.370027961029393,30.0639229754201,26.581801272527798,23.100000000000023
165600,28.796652395067838,28.248038328403368,25.030589599476514,31.425165652525152,25.77979891405988,24.782528156915305,27.30541073649539,26.535775741599195,25.199873803011826,30.35967367430203,30.260943916046642,25.349975839030833,25.550601937931788,26.755456054304375,25.12691019712497,28.380009627486686,27.603185648908436,25.448531727703653,31.26241172792561,31.51147353330066,26.110488115857038,30.131267995483086,30.28155821838169,26.140568370147776,29.91111977323368,29.637900239882697,26.10281463168735,22.69999999999999
169200,28.708560877265086,28.444195804375113,24.914034196951093,30.462463415966,25.821969101627587,24.407166754890966,27.029792304368584,26.36453420873613,24.78236276136647,30.268582438040312,30.636552119037674,25.295558297866478,25.365230829694042,26.905669229458226,24.78167145624559,27.982800717348823,27.368292599885308,25.031478164609894,31.25485400821833,31.4528567115363,25.920810038748357,29.638739802302666,29.904014253263085,25.682335050799338,29.452211585437908,29.211877504345352,25.623827990846905,22.5
172800,28.444280377489406,28.36382824625821,24.7113803040088,29.61963142043976,25.782154734513824,24.05876672604802,26.71414788356003,26.14619412656691,24.393945119957777,29.934005261554262,30.591590001097302,25.121872239455797,25.11943971271546,26.993873909480612,24.446725714974605,27.564512704794538,27.097633574796816,24.640594040068947,30.929266330549922,31.08921097602638,25.633721058206163,29.085465470937038,29.438245390530824,25.23599034883921,28.93356149459305,28.72344706590758,25.168002914791998,22.30000000000001
176400,27.969294492009396,27.95276285838952,24.40576074642206,28.92015291437974,25.644294581434906,23.74260995368843,26.350636159762587,25.871528626732243,24.04032043807291,29.30824189184483,30.04366549189149,24.805552296409473,24.80139197047322,27.00792228450979,24.124089429313585,27.121016076155456,26.784201819554596,24.281006092974792,30.22334485330208,30.360779462188646,25.230137835232142,28.459544494286774,28.866967880934,24.80386331068678,28.343465728861247,28.16038290768023,24.739876883178056,22
180000,27.494308606529444,27.54169747052083,24.10014118883538,28.220674408319724,25.506434428355874,23.42645318132884,25.987124435965256,25.59686312689763,23.686695756187987,28.682478522135398,29.495740982685675,24.48923235336315,24.483344228230976,27.02197065953908,23.80145314365268,26.67751944751626,26.470770064312433,23.92141814588058,29.51742337605424,29.632347948350855,24.826554612258064,27.83362351763668,28.29569037133706,24.371736272534463,27.753369963129444,27.597318749452825,24.311750851564113,21.100000000000023
183600,27.019322721049434,27.1306320826522,23.794521631248642,27.521195902259706,25.3685742752769,23.110296408969248,25.623612712167812,25.32219762706302,23.333071074303007,28.05671515242591,28.947816473479918,24.172912410316826,24.165296485988733,27.036019034568255,23.47881685799166,26.234022818877122,26.15733830907027,23.56183019878631,28.81150189880634,28.903916434513178,24.422971389284044,27.20770254098659,27.724412861740234,23.939609234382033,27.16327419739764,27.034254591225476,23.88362481995017,21.100000000000023
187200,26.55833776279644,26.726672607764726,23.556912334504773,26.871550102127685,25.22881561594579,22.874233208777014,25.348456830264865,25.12960031708792,23.03762174515782,27.458615587261022,28.410141594160905,23.9231613276408,23.87835363336444,27.032245521254083,23.233428254436603,25.90604663596889,25.96351593297925,23.25970475729821,28.145175012259813,28.231308690911987,24.097811186702188,26.63976431017727,27.222189501719413,23.601041144561123,26.676772737096428,26.58740121803004,23.54226211941807,20.80000000000001
190800,26.158086251940688,26.353537276539555,23.614319041516865,26.438069415568634,25.080821585647527,22.985601194622518,25.456572340959553,25.29299972154712,22.99452639715679,26.98051651855451,27.916927724279333,23.962173718559256,23.72633807139647,26.951163933933344,23.323125889220933,26.079176901253504,26.288537046261638,23.206841097188317,27.650602178326835,27.800854196036312,24.11283562378901,26.32334456720713,27.019510342797787,23.668314566157505,26.639644321703713,26.64464885795462,23.577262792457873,20.399999999999977
194400,25.757834741084935,25.980401945314384,23.671725748529013,26.004588729009413,24.93282755534932,23.096969180467966,25.564687851654185,25.456399126006318,22.951431049155588,26.502417449848053,27.42371385439776,24.001186109477658,23.574322509428555,26.870082346612605,23.412823524005262,26.252307166538117,26.613558159543857,23.153977437078538,27.156029344393687,27.370399701160636,24.127860060875776,26.006924824237103,26.816831183876275,23.735587987753945,26.602515906310998,26.70189649787926,23.612263465497733,20.30000000000001
198000,25.35758323022924,25.60726661408927,23.729132455541162,25.571108042450305,24.784833525051056,23.208337166313356,25.67280336234893,25.61979853046546,22.908335701154556,26.02431838114154,26.93049998451619,24.040198500396116,23.422306947460527,26.789000759291923,23.502521158789477,26.425437431822786,26.93857927282619,23.101113776968702,26.661456510460653,26.939945206284904,24.14288449796254,25.690505081266963,26.614152024954592,23.802861409350385,26.565387490918283,26.7591441378039,23.647264138537537,21.100000000000023
201600,24.957331719373542,25.23413128286404,23.78653916255331,25.13762735589114,24.63683949475285,23.319705152158804,25.780918873043618,25.783197934924658,22.86524035315341,25.546219312435028,26.43728611463456,24.079210891314574,23.270291385492555,26.707919171971184,23.592218793573807,26.5985676971074,27.26360038610858,23.048250116858867,26.16688367652756,26.509490711409285,24.157908935049363,25.374085338296823,26.41147286603308,23.870134830946824,26.528259075525625,26.816391777728484,23.682264811577397,21.5
205200,25.0757735156335,25.20245865207545,24.164999762667208,27.64951559668623,24.779986863003558,23.794311516182574,26.270971579413924,26.346438203174955,23.484333832246648,25.739198850550792,26.308340905811235,24.44394226408599,23.866434938732993,26.717866036053465,24.058061365341132,27.185098396067076,27.90056877327868,23.68071258616908,26.42030931140755,26.764036946841202,24.590291556505406,26.11201704210714,27.039632122682065,24.425238673204376,27.19921413953591,27.64706010512475,24.35022984177158,23.600000000000023
208800,25.239753239366962,25.200764244398783,24.5716468242191,30.4199882355382,24.948694568566793,24.300807867399385,26.794555908570715,26.944781920817206,24.1615632201096,25.99109476276908,26.21137613637393,24.837269663004008,24.528262037644197,26.735804611154833,24.556927036934326,27.807922987213146,28.56492411944555,24.373342270188118,26.739404388240587,27.078721829038273,25.05931553513642,26.94251400376146,27.740733634400442,25.023170880530017,27.932334366828456,28.545629781332423,25.073765060734274,24.69999999999999
212400,25.403732963100424,25.199069836722117,24.978293885771052,33.19046087439017,25.11740227413003,24.80730421861631,27.31814023772762,27.543125638459514,24.838792607972607,26.242990674987368,26.11441136693668,25.230597061922026,25.190089136555343,26.7537431862562,25.055792708527463,28.43074757835916,29.22927946561242,25.0659719542071,27.05849946507368,27.393406711235343,25.528339513767435,27.773010965415835,28.441835146118933,25.6211030878556,28.665454594121,29.444199457540094,25.79730027969697,26.30000000000001
216000,25.567712686833943,25.19737542904545,25.38494094732289,35.96093351324214,25.28610997969332,25.313800569833177,27.841724566884466,28.14146935610171,25.516021995835615,26.494886587205713,26.017446597499372,25.623924460840158,25.851916235466433,26.771681761357627,25.5546583801206,29.053572169505173,29.893634811779236,25.758601638226082,27.377594541906774,27.708091593432414,25.99736349239845,28.60350792707021,29.142936657837424,26.219035295181243,29.398574821413604,30.342769133747765,26.52083549865972,28.19999999999999
219600,26.13572615648178,25.51576060825198,25.519953450126707,37.921836268624816,25.573994772012384,25.567069256257298,28.345383544365404,28.50103301016236,25.901187488853964,27.156297997919637,26.306651321117897,25.73264125362482,26.30975487321615,26.882601872367445,25.815852280049114,29.664016567177327,30.246443788390934,26.15427374624221,28.085137975080556,28.36475884745596,26.228356777169324,29.578018213229427,29.925501662687793,26.598162658539366,30.20455382371216,31.06000504835731,26.942221491157,27.69999999999999
223200,26.920111159253565,26.005557486693817,25.50949794061694,39.44919138441418,25.925702275269202,25.684727344273085,28.838371930754022,28.732723166132644,26.129944480511483,28.03701657577875,26.80266076365683,25.68894099259876,26.65835190298776,27.04331623368472,25.949766203650483,30.267831020025938,30.432410845728384,26.39091664780642,29.000706523113593,29.204567363420324,26.331877872594873,30.62965172022973,30.751692679179087,26.86011382059519,31.049550766984567,31.68013158930455,27.20179800109571,28.69999999999999
226800,27.70449616202535,26.49535436513571,25.49904243110717,40.97654650020348,26.27740977852602,25.802385432288872,29.33136031714264,28.964413322102928,26.35870147216906,28.917735153637864,27.29867020619588,25.645240731572585,27.00694893275943,27.204030595002052,26.08368012725191,30.87164547287449,30.618377903065834,26.627559549370744,29.916275071146686,30.044375879384745,26.435398968020422,31.68128522723009,31.57788369567038,27.122064982651125,31.89454771025703,32.30025813025196,27.46137451103442,28.100000000000023
230400,28.488881164797192,26.985151243577604,25.488586921597346,42.50390161599296,26.62911728178284,25.92004352030466,29.824348703531257,29.196103478073212,26.587458463826636,29.798453731496977,27.794679648734814,25.601540470546524,27.355545962530925,27.364744956319385,26.217594050853222,31.475459925723044,30.804344960403398,26.864202450934954,30.831843619179892,30.884184395349166,26.538920063445914,32.732918734230395,32.40407471216167,27.384016144706948,32.739544653529435,32.9203846711992,27.72095102097319,26.5
234000,29.132018278263445,27.647361171978105,26.070987468620785,41.380717109487136,26.833582658113187,26.486970391295984,29.880241556539772,29.1155373327789,27.169448236693427,30.537882093086125,28.665156445215302,26.19188967504391,27.311166764207428,27.560793366892995,26.77834937327441,31.506893575688196,30.653370824149988,27.44250762176455,31.497562002128006,31.596120647108705,27.17673645874123,32.94853497845787,32.61349196004312,27.99605643521636,32.894922785211065,32.90569370449293,28.264611760808066,25.5
237600,29.742022357921485,28.35001465986352,26.79245642835491,39.635785833191676,27.00350891040125,27.15928388327302,29.833603312226614,28.96172408526263,27.83429711449611,31.24416749207643,29.623473417992898,26.930970180805275,27.17460569530664,27.765130214584758,27.439230443183646,31.40406176805027,30.42335916023154,28.100957760240703,32.10467211837965,32.27806143434236,27.93988445595386,32.96804359680982,32.6782303300468,28.690218412541185,32.88853451095548,32.742091274072095,28.874911177084698,24.899999999999977
241200,30.35202643757964,29.052668147748875,27.513925388089092,37.890854556896215,27.17343516268926,27.831597375250055,29.7869650679134,28.807910837746306,28.499145992298793,31.950452891066675,30.581790390770493,27.670050686566697,27.038044626405906,27.96946706227658,28.100111513092884,31.301229960412456,30.19334749631321,28.759407898716745,32.71178223463136,32.96000222157602,28.70303245316643,32.98755221516177,32.74296870005054,29.384380389866124,32.88214623669995,32.57848884365126,29.485210593361273,24.30000000000001
244800,30.96203051723768,29.755321635634346,28.235394347823274,36.145923280600755,27.343361414977323,28.50391086722709,29.740326823600242,28.65409759022998,29.163994870101533,32.656738290056865,31.54010736354803,28.40913119232812,26.901483557505117,28.173803909968342,28.760992583002064,31.19839815277453,29.963335832394876,29.4178580371929,33.318892350883004,33.641943008809676,29.466180450379056,33.007060833513776,32.80770707005428,30.078542367191005,32.87575796244437,32.41488641323042,30.095510009637906,23.80000000000001
248400,30.713454171114677,29.823695710306765,27.560894413642302,34.83320308724325,27.252218783861736,27.54653233301775,29.272664496659218,28.30308527827549,28.15634353454982,32.406749154877616,31.82805053360545,27.807503000236352,26.463972348024015,28.288703969281528,27.882243500000413,30.599689085159298,29.56296859187296,28.423430337718344,33.13597491477583,33.404018416290455,28.704067000620853,32.2719741448621,32.231227581409485,29.016677000652066,32.184893017272884,31.759397235833376,29.027753017387454,22.899999999999977
252000,30.43718242998466,29.871609711156907,26.841364440604536,33.534424810459825,27.15265480323393,26.53658450762748,28.791421114378693,27.9457118779236,27.09474203583642,32.125913286924174,32.09436932613079,27.162627308130084,26.016753331597272,28.400719048797782,26.95383026909917,29.984984408771936,29.15710615853743,27.375685437844197,32.92757340697068,33.136421548139765,27.892752897092237,31.51254632931017,31.634064204164815,27.898167120132598,31.47194877561975,31.08804117241482,27.90586663471197,22.100000000000023
255600,30.16091068885453,29.91952371200705,26.121834467566714,32.235646533676345,27.05309082260601,25.526636682237267,28.310177732098225,27.58833847757171,26.033140537123074,31.845077418970845,32.36068811865613,26.517751616023816,25.569534315170472,28.512734128314037,26.02541703819793,29.370279732384574,28.751243725201846,26.327940537970107,32.71917189916559,32.868824679989075,27.08143879356362,30.75311851375824,31.036900826920203,26.77965723961313,30.759004533966618,30.41668510899615,26.783980252036656,21.399999999999977
259200,29.82616904284987,29.87834715780474,25.409831834088322,30.9743657348713,26.92635526411584,24.56018932887025,27.812962144832284,27.21342726673072,25.014622036069397,31.48470535233264,32.49196188214307,25.870941903166226,25.107299812723227,28.603728032683534,25.12905502347354,28.745390508719254,28.330860786932533,25.321386013653296,32.41244559293796,32.509430578187846,26.275739271872112,29.978619397791192,30.418243581426907,25.702985543528484,30.029192352746804,29.729093970367785,25.70312764759933,20.80000000000001
262800,29.09132927170947,29.227541357236987,24.74933731322585,29.969672845155287,26.613689911776703,23.89140719894283,27.206451882252054,26.718508248271633,24.290912063023256,30.580082631576943,31.69914892028055,25.21089806450931,24.542317275749724,28.550878146261766,24.452013213359464,28.05081041964155,27.811116872919513,24.596689174404332,31.432901918741493,31.52188595767211,25.508459235747637,29.10099032030962,29.652507998683348,24.912604361980243,29.183956159635613,28.930409386884264,24.903061163397524,20.30000000000001
266400,28.35648950056907,28.576735556669178,24.088842792363266,28.964979955439276,26.30102455943768,23.22262506901552,26.599941619671824,26.223589229812546,23.567202089977172,29.67545991082136,30.906335958417912,24.550854225852447,23.97733473877628,28.49802825983994,23.774971403245274,27.356230330563903,27.29137295890638,23.871992335155483,30.453358244545086,30.534341337156434,24.741179199623218,28.223361242828105,28.88677241593973,24.122223180432,28.338719966524422,28.1317248034008,24.102994679195774,19.30000000000001
270000,27.621649729428725,27.925929756101368,23.428348271500795,27.960287065723378,25.988359207098654,22.553842939088213,25.993431357091595,25.728670211353403,22.84349211693109,28.770837190065663,30.113522996555275,23.89081038719553,23.41235220180289,28.445178373418173,23.097929593131084,26.661650241486257,26.771629044893245,23.14729549590652,29.47381457034868,29.5467967166407,23.9738991634988,27.345732165346533,28.121036833196115,23.33184199888376,27.493483773413118,27.333040219917223,23.30292819499391,18.899999999999977
273600,26.913487877182263,27.288599647393937,23.048352014818988,27.050584335788983,25.67165661649858,22.18575249322066,25.523131353154156,25.352514546151042,22.380469977368193,27.91638548125627,29.335682689157295,23.505208634742587,22.937355489986885,28.35039980463273,22.709806667888984,26.146822740177527,26.424572056342413,22.679157743609892,28.549692555721435,28.63783744627534,23.501684709985227,26.557213019433675,27.446108696181625,22.85945098282673,26.79905310676395,26.69321264574296,22.805300256998862,18.30000000000001
277200,26.271842819124515,26.68486885449488,23.367729850359183,26.37772320258017,25.34488786790581,22.567384952741634,25.3924481602794,25.272474839511858,22.567428034396244,27.18702654632989,28.595174115896498,23.803880938198745,22.686722928752033,28.15107929063481,23.042053201699787,26.080177345316258,26.50808016268263,22.85070586980737,27.763754900144704,27.92481720634862,23.76516544726769,25.990874134353476,26.997593279079183,23.17991365510011,26.480630036737466,26.449467653409954,23.061750724173066,17.5
280800,25.63019776106671,26.081138061595766,23.687107685899434,25.704862069371302,25.01811911931304,22.949017412262606,25.261764967404588,25.192435132872617,22.754386091424237,26.457667611403565,27.85466554263553,24.102553241654846,22.436090367516954,27.951758776637007,23.374299735510476,26.013531950455103,26.59158826902285,23.02225399600485,26.977817244567973,27.2117969664219,24.02864618455021,25.424535249273333,26.549077861976798,23.50037632737343,26.16220696671087,26.20572266107689,23.318201191347384,17.69999999999999
284400,24.988552703008907,25.477407268696766,24.006485521439686,25.032000936162433,24.69135037072033,23.330649871783635,25.131081774529832,25.112395426233434,22.941344148452288,25.72830867647724,27.114156969374676,24.401225545111004,22.185457806282045,27.75243826263909,23.706546269321223,25.946886555593892,26.675096375363125,23.193802122202328,26.1918795889913,26.498776726495237,24.292126921832676,24.858196364193248,26.100562444874356,23.820838999646753,25.843783896684386,25.961977668743884,23.57465165852159,19
288000,24.549029591264173,25.007028920665675,24.024650137947617,25.773171969451084,24.46545649403646,23.425255024731655,25.201119587894937,25.2738764197494,22.999587988393557,25.268559333128337,26.52868768670419,24.40082644163249,22.136311794511585,27.57309251626765,23.787167421057404,26.095753828655802,26.9817044718003,23.252094605361663,25.726167920605462,26.084572656063983,24.295715083728282,24.717442950088127,25.99732575608141,23.908953561851774,25.868741714737666,26.137431835147595,23.69161836596345,19.543268457455383
291600,24.361576256044714,24.702956714002084,23.667166537164235,28.277806984314054,24.365365415529197,23.161903457272615,25.521480041179984,25.736562057416563,22.897310101087783,25.145044776440443,26.136570585944753,24.02745021178896,22.338443144862197,27.418657648222734,23.553982204981253,26.51339067886022,27.566544426144958,23.16914401644715,25.65981562165598,26.043027400970914,23.975186717986105,25.107444540662186,26.32469214365659,23.707302775714425,26.321935779770683,26.83567652573697,23.634632463181617,20.064420138330377
295200,24.17412292082531,24.39888450733838,23.309682936380852,30.782441999176967,24.265274337021992,22.89855188981352,25.841840494465032,26.199247695083727,22.79503221378195,25.02153021975255,25.74445348518543,23.65407398194543,22.540574495212866,27.264222780177874,23.3207969889051,26.931027529064522,28.151384380489617,23.08619342753252,25.593463322706498,26.0014821458779,23.654658352243928,25.497446131236188,26.652058531231773,23.50565198957713,26.775129844803757,27.53392121632635,23.577646560399785,20.585571819205427
298800,23.98666958560591,24.094812300674732,22.952199335597527,33.28707701403988,24.16518325851473,22.63520032235442,26.16220094775008,26.66193333275089,22.69275432647629,24.89801566306454,25.352336384425996,23.280697752101958,22.742705845563535,27.1097879121329,23.087611772828893,27.34866437926894,28.73622433483422,23.00324283861778,25.527111023757016,25.95993689078489,23.33412998650175,25.887447721810133,26.979424918807013,23.30400120343984,27.22832390983683,28.23216590691561,23.520660657617896,21.10672350008042
302400,24.18907554871447,24.069239429566267,22.833721634407766,35.24469134618238,24.203637183163778,22.639839967718558,26.478447992386236,26.918746996989682,22.850851146528328,25.19423303693611,25.274436281640988,23.145474281574707,23.069000861204472,27.031668198410443,23.099910352450138,27.777688175852177,29.028268087306344,23.178062443702288,25.8808141751922,26.278503893525112,23.302718603745916,26.62280312167468,27.553612529112343,23.426029809022793,27.826236021828947,28.83773025163339,23.72137935700789,21.62787518095547
306000,24.64733137686045,24.226435105265352,22.872094436505847,36.84331675989495,24.333012936562795,22.82035207765142,26.791995563001365,27.04045469648048,23.17982200760565,25.765904550919515,25.402744872271626,23.16654143074203,23.47677977922575,27.003631224839125,23.27331063278075,28.214184793288325,29.128160802074035,23.522046846517924,26.510183780525153,26.833398907319975,23.461043726940545,27.58480112279568,28.289779542742735,23.760476918004883,28.51912109699458,29.38247200193166,24.09121980870168,22.149026861830464
309600,25.105587205006316,24.383630780964495,22.910467238603815,38.44194217360757,24.46238868996187,23.000864187584284,27.105543133616493,27.162162395971222,23.508792868683088,26.33757606490292,25.53105346290215,23.187608579909238,23.88455869724703,26.975594251267864,23.446710913111474,28.65068141072436,29.22805351684167,23.866031249333673,27.139553385858108,27.388293921114723,23.619368850135174,28.5467991239168,29.025946556373015,24.09492402698686,29.212006172160216,29.92721375222999,24.461060260395357,22.670178542705514
313200,25.563843033152352,24.540826456663467,22.948840040701896,40.04056758732014,24.591764443360887,23.181376297517147,27.41909070423162,27.283870095461964,23.83776372976041,26.909247578886266,25.65936205353279,23.20867572907656,24.29233761526831,26.94755727769649,23.620111193442085,29.08717802816045,29.327946231609246,24.21001565214931,27.76892299119106,27.94318893490953,23.77769397332986,29.508797125037745,29.76211357000335,24.429371135968836,29.90489124732585,30.471955502528317,24.830900712089203,23.191330223580508
316800,26.170478216303366,25.059568839926328,23.09871089498438,39.2143231020147,24.741728927918984,23.4094640459694,27.500521443047035,27.18038847033688,24.079943334282177,27.60779080172233,26.297641122099947,23.353196392026803,24.507922563933903,26.991499101305635,23.838164008826084,29.17767029560082,29.135480299647043,24.448770578946892,28.42062375899883,28.642466486150852,24.029354911817677,29.938097703672554,30.127570743358888,24.749346383821205,30.183379263336235,30.558882568473507,25.090105408610043,23.69999999999999
320400,26.82332385051359,25.69090934329074,23.283306090018186,37.6328904586976,24.898105453785547,23.652368489879848,27.509662991122184,27.006775119246015,24.295093146732825,28.345846252472597,27.0947425943059,23.536164738999958,24.663651678784333,27.05785760602447,24.07012316438579,29.16040486938391,28.851963797098676,24.654753415911955,29.079279221350134,29.386709741551158,24.310083843791006,30.201497923930162,30.37757608090783,25.06481459475833,30.332809736129434,30.50323034456602,25.314854313422984,23.19999999999999
324000,27.476169484723755,26.32224984665504,23.467901285051994,36.0514578153805,25.054481979651996,23.895272933790352,27.51880453919739,26.833161768155264,24.51024295918353,29.083901703222864,27.89184406651185,23.719133085973112,24.819380793634878,27.124216110743305,24.302082319945498,29.143139443166888,28.568447294550424,24.860736252877075,29.73793468370144,30.130952996951464,24.59081277576439,30.46489814418777,30.62758141845677,25.3802828056954,30.48224020892252,30.447578120658477,25.539603218235982,22.69999999999999
327600,28.12901511893392,26.953590350019454,23.6524964800858,34.4700251720634,25.21085850551856,24.1381773777008,27.527946087272596,26.659548417064343,24.725392771634176,29.82195715397313,28.688945538717746,23.90210143294621,24.975109908485365,27.190574615462026,24.534041475505205,29.125874016949922,28.284930792002115,25.066719089842195,30.396590146052745,30.87519625235177,24.87154170773772,30.72829836444538,30.87758675600577,25.695751016632585,30.63167068171566,30.39192589675099,25.764352123048866,22.899999999999977
331200,28.074075554738897,27.177313284881507,23.53039948851989,33.23641685738221,25.2066220306765,23.74984342221626,27.1890840332876,26.38876701230828,24.29416685127711,29.778670078441337,29.123175290116023,23.83697962111546,24.720751551715352,27.233014832342235,24.162557853175144,28.65246718722608,27.921343326795295,24.626491145970363,30.462907069187224,30.891218763110544,24.696332105696968,30.240421411228454,30.500626695730602,25.246871826552876,30.149285151509332,29.91467950527465,25.27730856019042,22
334800,27.958656984587833,27.366206012204884,23.38209618659056,32.03252952258396,25.188661456138277,23.30757125072671,26.820485680819615,26.109682767496224,23.8077092562786,29.66861865207636,29.5263982883165,23.75065893959129,24.431351938509692,27.273411273404633,23.73951110203086,28.140083873221784,27.55091393802394,24.131045622314105,30.478609701259984,30.845016086267606,24.48216335421887,29.688349138935052,30.070093539953064,24.732680489337554,29.61291205008132,29.401408630340768,24.729443577233326,21.19999999999999
338400,27.843238414436712,27.555098739528262,23.233792884661227,30.828642187785704,25.1707008816,22.86529907923716,26.451887328351518,25.830598522684056,23.32125166128003,29.5585672257115,29.929621286516976,23.664338258067062,24.14195232530409,27.31380771446709,23.31646435088669,27.627700559217544,27.18048454925264,23.635600098657903,30.494312333332687,30.79881340942461,24.267994602740828,29.13627686664165,29.639560384175695,24.218489152122288,29.076538948653365,28.888137755406774,24.181578594276232,20.600000000000023
342000,27.69433632004086,27.692060440221212,23.081692659227087,29.65309026316413,25.13927549677794,22.441457417219226,26.077128885745594,25.54565979969783,22.852440796045016,29.40140097964155,30.2515879544182,23.568302893642226,23.85437336380886,27.345705662384432,22.909077784565625,27.113079532755023,26.806833756737774,23.15777329712006,30.445123068538294,30.691391444563635,24.04746313024424,28.57152270523801,29.190713802238122,23.71854846001287,28.527364185134502,28.362059728512804,23.6506972655842,20.19999999999999
345600,27.160546112568568,27.232082741591285,22.88594736487579,28.80324964886944,24.95307412764828,22.22947171043711,25.631561126526776,25.193424724003478,22.58647645529578,28.702656913935982,29.6395252347387,23.360598699394586,23.587722521954902,27.279914700177585,22.68170270517703,26.572736335610443,26.39615340905351,22.882471076370166,29.650011135731972,29.880262902197046,23.75379312940902,27.860992121550055,28.53135712025363,23.382416806188246,27.831036226798176,27.688765401573505,23.315040507503852,19.899999999999977
